{"count":1,"self":36.349017599999996,"total":40.1348578,"children":{"InitializeActuators":{"count":1,"self":0.0020012,"total":0.0020012,"children":null},"InitializeSensors":{"count":1,"self":0.00099899999999999989,"total":0.00099899999999999989,"children":null},"AgentSendState":{"count":1777,"self":0.0093619999999999988,"total":0.0240236,"children":{"CollectObservations":{"count":356,"self":0.0025851,"total":0.0025851,"children":null},"WriteActionMask":{"count":356,"self":0.0010314999999999999,"total":0.0010314999999999999,"children":null},"RequestDecision":{"count":356,"self":0.011045,"total":0.011045,"children":null}}},"DecideAction":{"count":1777,"self":1.9319895999999999,"total":2.9486054,"children":{"CameraSensor.WriteToTensor":{"count":356,"self":1.0166157999999998,"total":1.0166157999999998,"children":null}}},"AgentAct":{"count":1777,"self":0.8092125,"total":0.8092125,"children":null}},"gauges":{"VisualBlock1.CumulativeReward":{"count":189,"max":41.0399246,"min":-1,"runningAverage":-0.598624349,"value":-0.96,"weightedAverage":0.510938048}},"metadata":{"timer_format_version":"0.1.0","start_time_seconds":"1619538413","unity_version":"2020.2.5f1","command_line_arguments":"D:\\Unity\\2020.2.5f1\\Editor\\Unity.exe -projectpath D:\/Unity\/Candid Camera -useHub -hubIPC -cloudEnvironment production -hubSessionId 022b8ca0-9dfc-11eb-8126-0f239d7d3186 -accessToken KwXOrv6hAwC3nwzcf57JHE09MZ9w9Zt_5joB2LVqWt0002f","communication_protocol_version":"1.3.0","com.unity.ml-agents_version":"1.7.2-preview","scene_name":"Corner_1","end_time_seconds":"1619538453"}}