{"count":1,"self":915.2366592,"total":6996.2909949999994,"children":{"InitializeActuators":{"count":1,"self":0.0024798999999999997,"total":0.0024798999999999997,"children":null},"InitializeSensors":{"count":1,"self":0.000992,"total":0.000992,"children":null},"AgentSendState":{"count":1603451,"self":7.215636,"total":942.1584001,"children":{"CollectObservations":{"count":320691,"self":0.39442639999999995,"total":0.39442639999999995,"children":null},"WriteActionMask":{"count":320691,"self":0.5758458,"total":0.5758458,"children":null},"RequestDecision":{"count":320691,"self":4.09286,"total":933.972492,"children":{"AgentInfo.ToProto":{"count":320691,"self":2.8283084,"total":929.87963189999994,"children":{"GenerateSensorData":{"count":320691,"self":8.2105544,"total":927.0513234,"children":{"CameraSensor.GetCompressedObservation":{"count":320691,"self":918.84072959999992,"total":918.8407688,"children":null}}}}}}}}},"DecideAction":{"count":1603451,"self":3702.7610624,"total":3702.7611174,"children":null},"AgentAct":{"count":1603451,"self":972.00128,"total":1436.1298273,"children":{"AgentInfo.ToProto":{"count":165960,"self":1.6553923,"total":464.12852519999996,"children":{"GenerateSensorData":{"count":165960,"self":4.1781296,"total":462.4731329,"children":{"CameraSensor.GetCompressedObservation":{"count":165960,"self":458.2949888,"total":458.2950032,"children":null}}}}}}}},"gauges":{"VisualBlock1.CumulativeReward":{"count":165960,"max":108.998886,"min":-2,"runningAverage":-0.578775764,"value":-0.96,"weightedAverage":-0.957711339}},"metadata":{"timer_format_version":"0.1.0","start_time_seconds":"1619403622","unity_version":"2020.2.5f1","command_line_arguments":"C:\\Program Files\\Unity\\Hub\\Editor\\2020.2.5f1\\Editor\\Unity.exe -projectpath C:\/Unity\/MachineLearningTeamProject\/CandidCamera -useHub -hubIPC -cloudEnvironment production -hubSessionId b5c4e810-a5e0-11eb-ab6b-e57fc3534d1e -accessToken 0gCvG2Zw-OSivM9WHiVZUOq3D2b7MI5wU5I4Nai3e_0002f","communication_protocol_version":"1.3.0","com.unity.ml-agents_version":"1.7.2-preview","scene_name":"Corner_1","end_time_seconds":"1619410618"}}