{"count":1,"self":1008.9588736,"total":6986.3048332,"children":{"InitializeActuators":{"count":1,"self":0.0019998999999999998,"total":0.0019998999999999998,"children":null},"InitializeSensors":{"count":1,"self":0.00099969999999999985,"total":0.00099969999999999985,"children":null},"AgentSendState":{"count":724567,"self":6.5755127999999994,"total":459.1723264,"children":{"CollectObservations":{"count":724567,"self":0.8587498,"total":0.8587498,"children":null},"WriteActionMask":{"count":724567,"self":1.3135808,"total":1.3135808,"children":null},"RequestDecision":{"count":724567,"self":7.5402207999999993,"total":450.42448299999995,"children":{"AgentInfo.ToProto":{"count":724567,"self":3.9620339999999996,"total":442.8842621,"children":{"GenerateSensorData":{"count":724567,"self":10.0385136,"total":438.9222281,"children":{"RenderTextureSensor.GetCompressedObservation":{"count":724567,"self":428.883712,"total":428.8837143,"children":null}}}}}}}}},"DecideAction":{"count":724567,"self":4726.2887936,"total":4726.2888247,"children":null},"AgentAct":{"count":724567,"self":308.7391488,"total":791.8807598,"children":{"AgentInfo.ToProto":{"count":724567,"self":5.0477908,"total":483.1415996,"children":{"GenerateSensorData":{"count":724567,"self":10.6637208,"total":478.09380869999995,"children":{"RenderTextureSensor.GetCompressedObservation":{"count":724567,"self":467.43009279999995,"total":467.4300876,"children":null}}}}}}}},"gauges":{"VisualBlock1.CumulativeReward":{"count":724567,"max":1,"min":-1,"runningAverage":0.07993895,"value":1,"weightedAverage":0.9999999}},"metadata":{"timer_format_version":"0.1.0","start_time_seconds":"1619142650","unity_version":"2020.2.5f1","command_line_arguments":"D:\\Unity\\2020.2.5f1\\Editor\\Unity.exe -projectpath D:\/Unity\/Candid Camera -useHub -hubIPC -cloudEnvironment production -hubSessionId 022b8ca0-9dfc-11eb-8126-0f239d7d3186 -accessToken yFC1atuvQROV_n2TaXjmC62RfDl61SO_rStQNxw8I_o002f","communication_protocol_version":"1.3.0","com.unity.ml-agents_version":"1.7.2-preview","scene_name":"StraightBlock","end_time_seconds":"1619149636"}}