{"count":1,"self":43.6600448,"total":226.67586029999998,"children":{"InitializeActuators":{"count":1,"self":0.0009988,"total":0.0009988,"children":null},"InitializeSensors":{"count":1,"self":0.0010331,"total":0.0010331,"children":null},"AgentSendState":{"count":54801,"self":0.2092414,"total":38.624836599999995,"children":{"CollectObservations":{"count":10961,"self":0.013646499999999999,"total":0.013646499999999999,"children":null},"WriteActionMask":{"count":10961,"self":0.012560199999999999,"total":0.012560199999999999,"children":null},"RequestDecision":{"count":10961,"self":0.1344263,"total":38.389388499999995,"children":{"AgentInfo.ToProto":{"count":10961,"self":0.094720199999999991,"total":38.2549622,"children":{"GenerateSensorData":{"count":10961,"self":0.35283719999999996,"total":38.160242,"children":{"CameraSensor.GetCompressedObservation":{"count":10961,"self":37.8074048,"total":37.8074048,"children":null}}}}}}}}},"DecideAction":{"count":54801,"self":120.3562752,"total":120.35627079999999,"children":null},"AgentAct":{"count":54801,"self":15.5848704,"total":24.031675399999997,"children":{"AgentInfo.ToProto":{"count":2632,"self":0.0194967,"total":8.4468043,"children":{"GenerateSensorData":{"count":2632,"self":0.09484129999999999,"total":8.4273075999999989,"children":{"CameraSensor.GetCompressedObservation":{"count":2632,"self":8.3324664,"total":8.3324663,"children":null}}}}}}}},"gauges":{"VisualBlock1.CumulativeReward":{"count":2632,"max":1,"min":-6.900086,"runningAverage":0.944319665,"value":1,"weightedAverage":0.9525318}},"metadata":{"timer_format_version":"0.1.0","start_time_seconds":"1618934394","unity_version":"2020.2.5f1","command_line_arguments":"D:\\Unity\\2020.2.5f1\\Editor\\Unity.exe -projectpath D:\/Unity\/Candid Camera -useHub -hubIPC -cloudEnvironment production -hubSessionId 022b8ca0-9dfc-11eb-8126-0f239d7d3186 -accessToken yFC1atuvQROV_n2TaXjmC62RfDl61SO_rStQNxw8I_o002f","communication_protocol_version":"1.3.0","com.unity.ml-agents_version":"1.7.2-preview","scene_name":"StraightBlock","end_time_seconds":"1618934620"}}