{"count":1,"self":421.54112,"total":438.2286813,"children":{"InitializeActuators":{"count":1,"self":0.0020001999999999997,"total":0.0020001999999999997,"children":null},"InitializeSensors":{"count":1,"self":0.0019993999999999997,"total":0.0019993999999999997,"children":null},"AgentSendState":{"count":21667,"self":0.1415872,"total":14.8788308,"children":{"CollectObservations":{"count":4334,"self":0.0045079,"total":0.0045079,"children":null},"WriteActionMask":{"count":4334,"self":0.013019099999999999,"total":0.013019099999999999,"children":null},"RequestDecision":{"count":4334,"self":0.046197999999999996,"total":14.7197166,"children":{"CameraSensor.GetCompressedObservation":{"count":4334,"self":14.673518399999999,"total":14.6735186,"children":null}}}}},"DecideAction":{"count":21667,"self":1.7282608,"total":1.7282609,"children":null},"AgentAct":{"count":21667,"self":0.0745902,"total":0.0745902,"children":null}},"gauges":{},"metadata":{"timer_format_version":"0.1.0","start_time_seconds":"1617820584","unity_version":"2020.2.5f1","command_line_arguments":"D:\\Unity\\2020.2.5f1\\Editor\\Unity.exe -projectpath D:\/Unity\/Candid Camera -useHub -hubIPC -cloudEnvironment production -hubSessionId 391397c0-97cc-11eb-9732-75b99a4658f6 -accessToken mK584fuaQ3Uc7GvHQr42vR4bHSScfMd6XbTzdp4VGlc002f","communication_protocol_version":"1.3.0","com.unity.ml-agents_version":"1.7.2-preview","scene_name":"StraightBlock","end_time_seconds":"1617821022"}}